date,camera,time,box,loc,notes
08/11/2021,11,14:46,1,0,
08/11/2021,11,14:46,2,0,
08/11/2021,11,14:46,3,3,
08/11/2021,11,14:46,4,6,
08/11/2021,11,14:46,5,0,
08/11/2021,11,14:46,6,0,
08/11/2021,11,14:56,1,3,
08/11/2021,11,14:56,2,8,
08/11/2021,11,14:56,3,3,
08/11/2021,11,14:56,4,8,
08/11/2021,11,14:56,5,0,
08/11/2021,11,14:56,6,NA,breached
08/11/2021,11,15:06,1,3,
08/11/2021,11,15:06,2,3,
08/11/2021,11,15:06,3,8,
08/11/2021,11,15:06,4,5,
08/11/2021,11,15:06,5,0,
08/11/2021,11,15:16,1,4,
08/11/2021,11,15:16,2,1,
08/11/2021,11,15:16,3,1,
08/11/2021,11,15:16,4,2,
08/11/2021,11,15:16,5,0,
08/11/2021,11,15:26,1,4,
08/11/2021,11,15:26,2,4,
08/11/2021,11,15:26,3,8,
08/11/2021,11,15:26,4,1,
08/11/2021,11,15:26,5,0,
08/11/2021,11,15:36,1,4,
08/11/2021,11,15:36,2,4,
08/11/2021,11,15:36,3,1,
08/11/2021,11,15:36,4,3,
08/11/2021,11,15:36,5,0,
08/11/2021,11,15:46,1,3,
08/11/2021,11,15:46,2,4,
08/11/2021,11,15:46,3,8,
08/11/2021,11,15:46,4,1,
08/11/2021,11,15:46,5,0,
08/11/2021,11,15:56,1,3,
08/11/2021,11,15:56,2,4,
08/11/2021,11,15:56,3,8,
08/11/2021,11,15:56,4,1,
08/11/2021,11,15:56,5,0,
08/11/2021,11,16:05,1,3,
08/11/2021,11,16:05,2,4,
08/11/2021,11,16:05,3,8,
08/11/2021,11,16:05,4,1,
08/11/2021,11,16:05,5,0,
09/11/2021,11,13:38,1,6,
09/11/2021,11,13:38,2,7,
09/11/2021,11,13:38,3,0,
09/11/2021,11,13:38,4,1,
09/11/2021,11,13:38,5,0,
09/11/2021,11,13:38,6,8,
09/11/2021,11,13:48,1,7,
09/11/2021,11,13:48,2,7,
09/11/2021,11,13:48,3,0,
09/11/2021,11,13:48,4,1,
09/11/2021,11,13:48,5,0,breached by partner
09/11/2021,11,13:48,6,8,
09/11/2021,11,13:58,1,4,
09/11/2021,11,13:58,2,7,
09/11/2021,11,13:58,3,0,
09/11/2021,11,13:58,4,1,
09/11/2021,11,13:58,6,8,
09/11/2021,11,14:08,1,3,
09/11/2021,11,14:08,2,7,
09/11/2021,11,14:08,3,0,
09/11/2021,11,14:08,4,2,
09/11/2021,11,14:08,6,1,
09/11/2021,11,14:18,1,5,
09/11/2021,11,14:18,2,4,
09/11/2021,11,14:18,3,0,
09/11/2021,11,14:18,4,2,
09/11/2021,11,14:18,6,8,
09/11/2021,11,14:28,1,5,
09/11/2021,11,14:28,2,4,
09/11/2021,11,14:28,3,0,
09/11/2021,11,14:28,4,6,
09/11/2021,11,14:28,6,2,
09/11/2021,11,14:38,1,5,
09/11/2021,11,14:38,2,4,
09/11/2021,11,14:38,3,0,
09/11/2021,11,14:38,4,6,
09/11/2021,11,14:38,6,4,
09/11/2021,11,14:48,1,5,
09/11/2021,11,14:48,2,4,
09/11/2021,11,14:48,3,0,
09/11/2021,11,14:48,4,5,
09/11/2021,11,14:48,6,3,
09/11/2021,11,14:58,1,5,
09/11/2021,11,14:58,2,4,
09/11/2021,11,14:58,3,0,
09/11/2021,11,14:58,4,2,
09/11/2021,11,14:58,6,3,
10/11/2021,11,13:44,1,NA,breached
10/11/2021,11,13:44,2,8,
10/11/2021,11,13:44,3,0,breached
10/11/2021,11,13:44,4,1,breached by partner
10/11/2021,11,13:44,5,0,breached by partner
10/11/2021,11,13:44,6,3,
10/11/2021,11,13:54,2,6,
10/11/2021,11,13:54,6,5,
10/11/2021,11,14:04,2,6,
10/11/2021,11,14:04,6,5,
10/11/2021,11,14:14,2,6,
10/11/2021,11,14:14,6,5,
10/11/2021,11,14:24,2,6,
10/11/2021,11,14:24,6,7,
10/11/2021,11,14:34,2,6,
10/11/2021,11,14:34,6,7,
10/11/2021,11,14:44,2,6,
10/11/2021,11,14:44,6,7,
10/11/2021,11,14:54,2,6,
10/11/2021,11,14:54,6,4,
10/11/2021,11,15:04,2,6,
10/11/2021,11,15:04,6,4,
11/11/2021,11,13:32,1,0,
11/11/2021,11,13:32,2,0,
11/11/2021,11,13:32,3,8,
11/11/2021,11,13:32,4,1,
11/11/2021,11,13:32,5,1,
11/11/2021,11,13:32,6,0,
11/11/2021,11,13:42,1,0,
11/11/2021,11,13:42,2,1,
11/11/2021,11,13:42,3,8,
11/11/2021,11,13:42,4,1,
11/11/2021,11,13:42,5,1,
11/11/2021,11,13:42,6,0,
11/11/2021,11,13:52,1,0,
11/11/2021,11,13:52,2,1,
11/11/2021,11,13:52,3,8,
11/11/2021,11,13:52,4,1,
11/11/2021,11,13:52,5,1,
11/11/2021,11,13:52,6,0,
11/11/2021,11,14:02,1,0,
11/11/2021,11,14:02,2,1,
11/11/2021,11,14:02,3,8,
11/11/2021,11,14:02,4,1,
11/11/2021,11,14:02,5,1,
11/11/2021,11,14:02,6,8,
11/11/2021,11,14:12,1,7,
11/11/2021,11,14:12,2,0,
11/11/2021,11,14:12,3,4,
11/11/2021,11,14:12,4,1,
11/11/2021,11,14:12,5,1,
11/11/2021,11,14:12,6,0,
11/11/2021,11,14:22,1,1,
11/11/2021,11,14:22,2,0,
11/11/2021,11,14:22,3,8,
11/11/2021,11,14:22,4,1,
11/11/2021,11,14:22,5,1,
11/11/2021,11,14:22,6,0,
11/11/2021,11,14:32,1,0,
11/11/2021,11,14:32,2,NA,breached
11/11/2021,11,14:32,3,8,
11/11/2021,11,14:32,4,1,
11/11/2021,11,14:32,5,1,
11/11/2021,11,14:32,6,8,
11/11/2021,11,14:42,1,0,
11/11/2021,11,14:42,3,5,
11/11/2021,11,14:42,4,1,
11/11/2021,11,14:42,5,1,
11/11/2021,11,14:42,6,8,
11/11/2021,11,14:52,1,0,
11/11/2021,11,14:52,3,5,
11/11/2021,11,14:52,4,1,
11/11/2021,11,14:52,5,1,
11/11/2021,11,14:52,6,8,
15/11/2021,11,13:53,1,2,
15/11/2021,11,13:53,2,0,
15/11/2021,11,13:53,3,NA,breached
15/11/2021,11,13:53,4,1,
15/11/2021,11,13:53,5,NA,breached
15/11/2021,11,13:53,6,1,
15/11/2021,11,14:03,1,3,
15/11/2021,11,14:03,2,0,
15/11/2021,11,14:03,4,1,
15/11/2021,11,14:03,6,1,
15/11/2021,11,14:13,1,3,
15/11/2021,11,14:13,2,0,
15/11/2021,11,14:13,4,0,breached by partner
15/11/2021,11,14:13,6,0,
15/11/2021,11,14:23,1,4,
15/11/2021,11,14:23,2,0,breached by partner
15/11/2021,11,14:23,6,0,
15/11/2021,11,14:33,1,5,
15/11/2021,11,14:33,6,0,
15/11/2021,11,14:43,1,5,
15/11/2021,11,14:43,6,0,
15/11/2021,11,14:53,1,5,
15/11/2021,11,14:53,6,0,
15/11/2021,11,15:03,1,3,
15/11/2021,11,15:03,6,1,
15/11/2021,11,15:13,1,4,
15/11/2021,11,15:13,6,2,
16/11/2021,11,12:55,1,8,
16/11/2021,11,12:55,2,NA,breached by partner
16/11/2021,11,12:55,3,0,
16/11/2021,11,12:55,4,1,
16/11/2021,11,12:55,5,0,
16/11/2021,11,12:55,6,0,
16/11/2021,11,13:05,1,8,
16/11/2021,11,13:05,3,0,
16/11/2021,11,13:05,4,1,
16/11/2021,11,13:05,5,0,
16/11/2021,11,13:05,6,0,
16/11/2021,11,13:15,1,8,
16/11/2021,11,13:15,3,0,
16/11/2021,11,13:15,4,1,
16/11/2021,11,13:15,5,0,
16/11/2021,11,13:15,6,0,
16/11/2021,11,13:25,1,8,
16/11/2021,11,13:25,3,3,
16/11/2021,11,13:25,4,1,
16/11/2021,11,13:25,5,NA,breached by partner
16/11/2021,11,13:25,6,1,
16/11/2021,11,13:35,1,8,
16/11/2021,11,13:35,3,0,
16/11/2021,11,13:35,4,3,
16/11/2021,11,13:35,6,0,
16/11/2021,11,13:45,1,8,
16/11/2021,11,13:45,3,0,
16/11/2021,11,13:45,4,1,
16/11/2021,11,13:45,6,0,
16/11/2021,11,13:55,1,8,
16/11/2021,11,13:55,3,0,
16/11/2021,11,13:55,4,1,
16/11/2021,11,13:55,6,0,breached
16/11/2021,11,14:05,1,8,
16/11/2021,11,14:05,3,0,
16/11/2021,11,14:05,4,1,
16/11/2021,11,14:15,1,8,
16/11/2021,11,14:15,3,0,
16/11/2021,11,14:15,4,1,
17/11/2021,11,13:42,1,NA,breached
17/11/2021,11,13:42,2,8,
17/11/2021,11,13:42,3,NA,breached
17/11/2021,11,13:42,4,NA,breached
17/11/2021,11,13:42,5,NA,breached
17/11/2021,11,13:42,6,NA,breached
17/11/2021,11,13:52,2,3,
17/11/2021,11,14:02,2,NA,breached
18/11/2021,11,14:00,1,NA,breached
18/11/2021,11,14:00,2,7,
18/11/2021,11,14:00,3,NA,breached
18/11/2021,11,14:00,4,NA,breached
18/11/2021,11,14:00,5,NA,breached
18/11/2021,11,14:00,6,NA,breached
18/11/2021,11,14:10,2,8,
18/11/2021,11,14:20,2,NA,breached
22/11/2021,11,13:09,1,0,
22/11/2021,11,13:09,2,NA,breached
22/11/2021,11,13:09,3,4,
22/11/2021,11,13:09,4,0,
22/11/2021,11,13:09,5,2,
22/11/2021,11,13:09,6,NA,breached
22/11/2021,11,13:19,1,1,
22/11/2021,11,13:19,3,4,
22/11/2021,11,13:19,4,1,
22/11/2021,11,13:19,5,3,
22/11/2021,11,13:29,1,2,
22/11/2021,11,13:29,3,4,
22/11/2021,11,13:29,4,1,
22/11/2021,11,13:29,5,3,
22/11/2021,11,13:39,1,5,
22/11/2021,11,13:39,3,4,
22/11/2021,11,13:39,4,0,
22/11/2021,11,13:39,5,3,
22/11/2021,11,13:49,1,6,
22/11/2021,11,13:49,3,4,
22/11/2021,11,13:49,4,4,
22/11/2021,11,13:49,5,3,
22/11/2021,11,13:59,1,3,
22/11/2021,11,13:59,3,4,
22/11/2021,11,13:59,4,5,
22/11/2021,11,13:59,5,3,
22/11/2021,11,14:09,1,1,
22/11/2021,11,14:09,3,1,
22/11/2021,11,14:09,4,8,
22/11/2021,11,14:09,5,4,
22/11/2021,11,14:19,1,1,
22/11/2021,11,14:19,3,2,
22/11/2021,11,14:19,4,7,
22/11/2021,11,14:19,5,8,
23/11/2021,11,13:52,1,0,
23/11/2021,11,13:52,2,1,
23/11/2021,11,13:52,3,NA,breached
23/11/2021,11,13:52,4,2,
23/11/2021,11,13:52,5,8,
23/11/2021,11,13:52,6,3,
23/11/2021,11,14:02,1,0,
23/11/2021,11,14:02,2,1,
23/11/2021,11,14:02,4,1,
23/11/2021,11,14:02,5,8,
23/11/2021,11,14:02,6,8,
23/11/2021,11,14:12,1,1,
23/11/2021,11,14:12,2,1,
23/11/2021,11,14:12,4,1,
23/11/2021,11,14:12,5,8,
23/11/2021,11,14:12,6,8,
23/11/2021,11,14:22,1,0,
23/11/2021,11,14:22,2,1,
23/11/2021,11,14:22,4,1,
23/11/2021,11,14:22,5,8,
23/11/2021,11,14:22,6,8,
23/11/2021,11,14:32,1,0,
23/11/2021,11,14:32,2,1,
23/11/2021,11,14:32,4,0,
23/11/2021,11,14:32,5,5,
23/11/2021,11,14:32,6,8,
23/11/2021,11,14:42,1,0,
23/11/2021,11,14:42,2,1,
23/11/2021,11,14:42,4,1,
23/11/2021,11,14:42,5,0,
23/11/2021,11,14:42,6,2,
23/11/2021,11,14:52,1,1,
23/11/2021,11,14:52,2,1,
23/11/2021,11,14:52,4,0,
23/11/2021,11,14:52,5,0,
23/11/2021,11,14:52,6,4,
23/11/2021,11,15:02,1,0,
23/11/2021,11,15:02,2,0,
23/11/2021,11,15:02,4,0,
23/11/2021,11,15:02,5,0,
23/11/2021,11,15:02,6,4,
23/11/2021,11,15:12,1,3,
23/11/2021,11,15:12,2,0,
23/11/2021,11,15:12,4,0,
23/11/2021,11,15:12,5,0,
23/11/2021,11,15:12,6,4,
24/11/2021,11,12:49,1,0,
24/11/2021,11,12:49,2,NA,breached
24/11/2021,11,12:49,3,NA,breached
24/11/2021,11,12:49,4,0,
24/11/2021,11,12:49,5,NA,breached by partner
24/11/2021,11,12:49,6,NA,breached
24/11/2021,11,12:59,1,0,
24/11/2021,11,12:59,4,0,
24/11/2021,11,13:09,1,0,
24/11/2021,11,13:09,4,0,
24/11/2021,11,13:19,1,0,
24/11/2021,11,13:19,4,1,
24/11/2021,11,13:29,1,0,
24/11/2021,11,13:29,4,1,
24/11/2021,11,13:39,1,0,
24/11/2021,11,13:39,4,1,
24/11/2021,11,13:49,1,0,
24/11/2021,11,13:49,4,3,
24/11/2021,11,13:59,1,0,
24/11/2021,11,13:59,4,4,
24/11/2021,11,14:09,1,2,
24/11/2021,11,14:09,4,1,
25/11/2021,11,13:00,1,1,
25/11/2021,11,13:00,2,NA,breached
25/11/2021,11,13:00,3,1,
25/11/2021,11,13:00,4,1,
25/11/2021,11,13:00,5,0,
25/11/2021,11,13:00,6,NA,breached
25/11/2021,11,13:10,1,0,
25/11/2021,11,13:10,3,1,
25/11/2021,11,13:10,4,1,
25/11/2021,11,13:10,5,0,
25/11/2021,11,13:20,1,0,
25/11/2021,11,13:20,3,1,
25/11/2021,11,13:20,4,1,
25/11/2021,11,13:20,5,0,
25/11/2021,11,13:30,1,0,
25/11/2021,11,13:30,3,1,
25/11/2021,11,13:30,4,1,
25/11/2021,11,13:30,5,0,
25/11/2021,11,13:40,1,0,
25/11/2021,11,13:40,3,2,
25/11/2021,11,13:40,4,1,
25/11/2021,11,13:40,5,0,
25/11/2021,11,13:50,1,0,
25/11/2021,11,13:50,3,1,
25/11/2021,11,13:50,4,1,
25/11/2021,11,13:50,5,0,
25/11/2021,11,14:00,1,0,
25/11/2021,11,14:00,3,1,
25/11/2021,11,14:00,4,1,
25/11/2021,11,14:00,5,0,
25/11/2021,11,14:10,1,0,
25/11/2021,11,14:10,3,3,
25/11/2021,11,14:10,4,1,
25/11/2021,11,14:10,5,0,
25/11/2021,11,14:20,1,0,
25/11/2021,11,14:20,3,1,
25/11/2021,11,14:20,4,1,
25/11/2021,11,14:20,5,8,
08/11/2021,12,14:46,7,NA,breached
08/11/2021,12,14:46,8,0,
08/11/2021,12,14:46,9,0,
08/11/2021,12,14:46,10,1,
08/11/2021,12,14:46,11,0,
08/11/2021,12,14:46,12,1,
08/11/2021,12,14:56,8,1,
08/11/2021,12,14:56,9,0,
08/11/2021,12,14:56,10,4,
08/11/2021,12,14:56,11,0,
08/11/2021,12,14:56,12,1,
08/11/2021,12,15:06,8,7,
08/11/2021,12,15:06,9,0,
08/11/2021,12,15:06,10,1,
08/11/2021,12,15:06,11,0,
08/11/2021,12,15:06,12,4,
08/11/2021,12,15:16,8,0,
08/11/2021,12,15:16,9,0,
08/11/2021,12,15:16,10,1,
08/11/2021,12,15:16,11,0,
08/11/2021,12,15:16,12,4,
08/11/2021,12,15:26,8,8,
08/11/2021,12,15:26,9,0,
08/11/2021,12,15:26,10,1,
08/11/2021,12,15:26,11,0,
08/11/2021,12,15:26,12,4,
08/11/2021,12,15:36,8,0,
08/11/2021,12,15:36,9,6,
08/11/2021,12,15:36,10,4,
08/11/2021,12,15:36,11,0,
08/11/2021,12,15:36,12,4,
08/11/2021,12,15:46,8,0,
08/11/2021,12,15:46,9,0,
08/11/2021,12,15:46,10,1,
08/11/2021,12,15:46,11,0,
08/11/2021,12,15:46,12,4,
08/11/2021,12,15:56,8,0,
08/11/2021,12,15:56,9,0,
08/11/2021,12,15:56,10,1,
08/11/2021,12,15:56,11,0,
08/11/2021,12,15:56,12,6,
08/11/2021,12,16:06,8,1,
08/11/2021,12,16:06,9,0,
08/11/2021,12,16:06,10,1,
08/11/2021,12,16:06,11,0,
08/11/2021,12,16:06,12,0,
09/11/2021,12,13:38,7,NA,breached by partner
09/11/2021,12,13:38,8,NA,breached
09/11/2021,12,13:38,9,1,
09/11/2021,12,13:38,10,NA,breached
09/11/2021,12,13:38,11,8,
09/11/2021,12,13:38,12,NA,breached
09/11/2021,12,13:48,9,1,
09/11/2021,12,13:48,11,8,
09/11/2021,12,13:58,9,1,
09/11/2021,12,13:58,11,0,
09/11/2021,12,14:08,9,1,
09/11/2021,12,14:08,11,0,
09/11/2021,12,14:18,9,1,
09/11/2021,12,14:18,11,1,
09/11/2021,12,14:28,9,4,
09/11/2021,12,14:28,11,0,
09/11/2021,12,14:38,9,0,
09/11/2021,12,14:38,11,0,
09/11/2021,12,14:48,9,0,
09/11/2021,12,14:48,11,0,
09/11/2021,12,14:58,9,0,
09/11/2021,12,14:58,11,0,
10/11/2021,12,13:44,7,NA,breached by partner
10/11/2021,12,13:44,8,NA,breached
10/11/2021,12,13:44,9,2,
10/11/2021,12,13:44,10,1,
10/11/2021,12,13:44,11,8,
10/11/2021,12,13:44,12,NA,breached
10/11/2021,12,13:54,9,6,
10/11/2021,12,13:54,10,NA,breached
10/11/2021,12,13:54,11,8,
10/11/2021,12,14:04,9,6,
10/11/2021,12,14:04,11,8,
10/11/2021,12,14:14,9,5,
10/11/2021,12,14:14,11,8,
10/11/2021,12,14:24,9,2,
10/11/2021,12,14:24,11,8,
10/11/2021,12,14:34,9,7,
10/11/2021,12,14:34,11,8,
10/11/2021,12,14:44,9,7,
10/11/2021,12,14:44,11,8,
10/11/2021,12,14:54,9,4,
10/11/2021,12,14:54,11,8,
10/11/2021,12,15:04,9,4,
10/11/2021,12,15:04,11,8,
11/11/2021,12,13:32,7,NA,breached
11/11/2021,12,13:32,8,1,
11/11/2021,12,13:32,9,2,
11/11/2021,12,13:32,10,1,
11/11/2021,12,13:32,11,0,
11/11/2021,12,13:32,12,3,
11/11/2021,12,13:42,8,0,
11/11/2021,12,13:42,9,2,
11/11/2021,12,13:42,10,1,
11/11/2021,12,13:42,11,0,
11/11/2021,12,13:42,12,6,
11/11/2021,12,13:52,8,0,
11/11/2021,12,13:52,9,7,
11/11/2021,12,13:52,10,1,
11/11/2021,12,13:52,11,0,
11/11/2021,12,13:52,12,6,
11/11/2021,12,14:02,8,0,
11/11/2021,12,14:02,9,6,
11/11/2021,12,14:02,10,7,
11/11/2021,12,14:02,11,0,
11/11/2021,12,14:02,12,6,
11/11/2021,12,14:12,8,3,
11/11/2021,12,14:12,9,8,
11/11/2021,12,14:12,10,8,
11/11/2021,12,14:12,11,0,
11/11/2021,12,14:12,12,6,
11/11/2021,12,14:22,8,8,
11/11/2021,12,14:22,9,8,
11/11/2021,12,14:22,10,7,
11/11/2021,12,14:22,11,0,
11/11/2021,12,14:22,12,6,
11/11/2021,12,14:32,8,8,
11/11/2021,12,14:32,9,8,
11/11/2021,12,14:32,10,7,
11/11/2021,12,14:32,11,0,
11/11/2021,12,14:32,12,6,
11/11/2021,12,14:42,8,8,
11/11/2021,12,14:42,9,8,
11/11/2021,12,14:42,10,3,
11/11/2021,12,14:42,11,0,
11/11/2021,12,14:42,12,6,
11/11/2021,12,14:52,8,5,
11/11/2021,12,14:52,9,8,
11/11/2021,12,14:52,10,3,
11/11/2021,12,14:52,11,0,
11/11/2021,12,14:52,12,6,
15/11/2021,12,13:53,7,NA,breached
15/11/2021,12,13:53,8,0,
15/11/2021,12,13:53,9,5,
15/11/2021,12,13:53,10,NA,breached
15/11/2021,12,13:53,11,NA,breached
15/11/2021,12,13:53,12,NA,breached by partner
15/11/2021,12,14:03,8,0,
15/11/2021,12,14:03,9,0,
15/11/2021,12,14:13,8,0,
15/11/2021,12,14:13,9,0,
15/11/2021,12,14:23,8,0,
15/11/2021,12,14:23,9,0,
15/11/2021,12,14:33,8,NA,breached
15/11/2021,12,14:33,9,0,
15/11/2021,12,14:43,9,0,
15/11/2021,12,14:53,9,0,
15/11/2021,12,15:03,9,0,
15/11/2021,12,15:13,9,0,
16/11/2021,12,12:55,7,0,
16/11/2021,12,12:55,8,NA,breached
16/11/2021,12,12:55,9,1,
16/11/2021,12,12:55,10,8,
16/11/2021,12,12:55,11,NA,breached
16/11/2021,12,12:55,12,0,
16/11/2021,12,13:05,7,0,
16/11/2021,12,13:05,9,1,
16/11/2021,12,13:05,10,1,
16/11/2021,12,13:05,12,NA,breached
16/11/2021,12,13:15,7,3,
16/11/2021,12,13:15,9,7,
16/11/2021,12,13:15,10,2,
16/11/2021,12,13:25,7,6,
16/11/2021,12,13:25,9,8,
16/11/2021,12,13:25,10,8,
16/11/2021,12,13:35,7,7,
16/11/2021,12,13:35,9,3,
16/11/2021,12,13:35,10,0,
16/11/2021,12,13:45,7,2,
16/11/2021,12,13:45,9,8,
16/11/2021,12,13:45,10,3,
16/11/2021,12,13:55,7,3,
16/11/2021,12,13:55,9,1,
16/11/2021,12,13:55,10,3,
16/11/2021,12,14:05,7,1,
16/11/2021,12,14:05,9,3,
16/11/2021,12,14:05,10,1,
16/11/2021,12,14:15,7,0,
16/11/2021,12,14:15,9,2,
16/11/2021,12,14:15,10,1,
17/11/2021,12,13:42,7,NA,breached
17/11/2021,12,13:42,8,NA,breached
17/11/2021,12,13:42,9,NA,breached
17/11/2021,12,13:42,10,8,
17/11/2021,12,13:42,11,NA,breached
17/11/2021,12,13:42,12,NA,breached
17/11/2021,12,13:52,10,8,
17/11/2021,12,14:02,10,8,
17/11/2021,12,14:12,10,8,
17/11/2021,12,14:22,10,8,
17/11/2021,12,14:32,10,8,
17/11/2021,12,14:42,10,8,
17/11/2021,12,14:52,10,8,
17/11/2021,12,15:02,10,8,
18/11/2021,12,14:00,7,NA,breached
18/11/2021,12,14:00,8,NA,breached
18/11/2021,12,14:00,9,NA,breached
18/11/2021,12,14:00,10,NA,breached
18/11/2021,12,14:00,11,NA,breached
18/11/2021,12,14:00,12,NA,breached
22/11/2021,12,13:09,7,0,
22/11/2021,12,13:09,8,0,
22/11/2021,12,13:09,9,0,
22/11/2021,12,13:09,10,0,
22/11/2021,12,13:09,11,0,
22/11/2021,12,13:09,12,0,
22/11/2021,12,13:19,7,0,
22/11/2021,12,13:19,8,4,
22/11/2021,12,13:19,9,0,
22/11/2021,12,13:19,10,0,
22/11/2021,12,13:19,11,0,
22/11/2021,12,13:19,12,8,
22/11/2021,12,13:29,7,0,
22/11/2021,12,13:29,8,0,
22/11/2021,12,13:29,9,0,
22/11/2021,12,13:29,10,0,
22/11/2021,12,13:29,11,0,
22/11/2021,12,13:29,12,1,
22/11/2021,12,13:39,7,0,
22/11/2021,12,13:39,8,6,
22/11/2021,12,13:39,9,0,
22/11/2021,12,13:39,10,0,
22/11/2021,12,13:39,11,7,
22/11/2021,12,13:39,12,2,
22/11/2021,12,13:49,7,0,
22/11/2021,12,13:49,8,0,
22/11/2021,12,13:49,9,4,
22/11/2021,12,13:49,10,1,
22/11/2021,12,13:49,11,6,
22/11/2021,12,13:49,12,7,
22/11/2021,12,13:59,7,0,
22/11/2021,12,13:59,8,0,
22/11/2021,12,13:59,9,7,
22/11/2021,12,13:59,10,0,
22/11/2021,12,13:59,11,6,
22/11/2021,12,13:59,12,0,
22/11/2021,12,14:09,7,0,
22/11/2021,12,14:09,8,0,
22/11/2021,12,14:09,9,7,
22/11/2021,12,14:09,10,0,
22/11/2021,12,14:09,11,0,
22/11/2021,12,14:09,12,3,
22/11/2021,12,14:19,7,0,
22/11/2021,12,14:19,8,0,
22/11/2021,12,14:19,9,8,
22/11/2021,12,14:19,10,0,
22/11/2021,12,14:19,11,7,
22/11/2021,12,14:19,12,3,
22/11/2021,12,14:29,7,0,
22/11/2021,12,14:29,8,0,
22/11/2021,12,14:29,9,8,
22/11/2021,12,14:29,10,0,
22/11/2021,12,14:29,11,0,
22/11/2021,12,14:29,12,0,
23/11/2021,12,13:52,7,4,
23/11/2021,12,13:52,8,1,
23/11/2021,12,13:52,9,1,
23/11/2021,12,13:52,10,NA,breached
23/11/2021,12,13:52,11,0,
23/11/2021,12,13:52,12,NA,breached
23/11/2021,12,14:02,7,1,
23/11/2021,12,14:02,8,1,
23/11/2021,12,14:02,9,1,
23/11/2021,12,14:02,11,8,
23/11/2021,12,14:12,7,0,
23/11/2021,12,14:12,8,0,
23/11/2021,12,14:12,9,2,
23/11/2021,12,14:12,11,5,
23/11/2021,12,14:22,7,0,
23/11/2021,12,14:22,8,0,
23/11/2021,12,14:22,9,2,
23/11/2021,12,14:22,11,2,
23/11/2021,12,14:32,7,0,
23/11/2021,12,14:32,8,0,
23/11/2021,12,14:32,9,2,
23/11/2021,12,14:32,11,8,
23/11/2021,12,14:42,7,0,
23/11/2021,12,14:42,8,0,
23/11/2021,12,14:42,9,2,
23/11/2021,12,14:42,11,0,
23/11/2021,12,14:52,7,0,
23/11/2021,12,14:52,8,0,
23/11/2021,12,14:52,9,8,
23/11/2021,12,14:52,11,1,
23/11/2021,12,15:02,7,0,
23/11/2021,12,15:02,8,0,
23/11/2021,12,15:02,9,8,
23/11/2021,12,15:02,11,6,
23/11/2021,12,15:12,7,0,
23/11/2021,12,15:12,8,0,
23/11/2021,12,15:12,9,8,
23/11/2021,12,15:12,11,7,
24/11/2021,12,12:49,7,0,
24/11/2021,12,12:49,8,0,
24/11/2021,12,12:49,9,0,
24/11/2021,12,12:49,10,0,
24/11/2021,12,12:49,11,0,
24/11/2021,12,12:49,12,0,
24/11/2021,12,12:59,7,0,
24/11/2021,12,12:59,8,NA,breached by partner
24/11/2021,12,12:59,9,0,
24/11/2021,12,12:59,10,0,
24/11/2021,12,12:59,11,0,
24/11/2021,12,12:59,12,0,
24/11/2021,12,13:09,7,6,
24/11/2021,12,13:09,9,0,
24/11/2021,12,13:09,10,0,
24/11/2021,12,13:09,11,0,
24/11/2021,12,13:09,12,0,
24/11/2021,12,13:19,7,0,
24/11/2021,12,13:19,9,0,
24/11/2021,12,13:19,10,0,
24/11/2021,12,13:19,11,0,
24/11/2021,12,13:19,12,0,
24/11/2021,12,13:29,7,0,
24/11/2021,12,13:29,9,0,
24/11/2021,12,13:29,10,0,
24/11/2021,12,13:29,11,0,
24/11/2021,12,13:29,12,0,
24/11/2021,12,13:39,7,0,
24/11/2021,12,13:39,9,0,
24/11/2021,12,13:39,10,0,
24/11/2021,12,13:39,11,0,
24/11/2021,12,13:39,12,0,
24/11/2021,12,13:49,7,0,
24/11/2021,12,13:49,9,0,
24/11/2021,12,13:49,10,0,
24/11/2021,12,13:49,11,0,
24/11/2021,12,13:49,12,0,
24/11/2021,12,13:59,7,0,
24/11/2021,12,13:59,9,0,
24/11/2021,12,13:59,10,0,
24/11/2021,12,13:59,11,0,
24/11/2021,12,13:59,12,0,
24/11/2021,12,14:09,7,0,
24/11/2021,12,14:09,9,0,
24/11/2021,12,14:09,10,0,
24/11/2021,12,14:09,11,0,
24/11/2021,12,14:09,12,0,
25/11/2021,12,13:00,7,6,
25/11/2021,12,13:00,8,NA,breached
25/11/2021,12,13:00,9,0,
25/11/2021,12,13:00,10,NA,breached by partner
25/11/2021,12,13:00,11,NA,breached by partner
25/11/2021,12,13:00,12,NA,breached by partner
25/11/2021,12,13:10,7,3,
25/11/2021,12,13:10,9,0,
25/11/2021,12,13:20,7,3,
25/11/2021,12,13:20,9,0,
25/11/2021,12,13:30,7,3,
25/11/2021,12,13:30,9,0,
25/11/2021,12,13:40,7,1,
25/11/2021,12,13:40,9,7,
25/11/2021,12,13:50,7,1,
25/11/2021,12,13:50,9,0,
25/11/2021,12,14:00,7,1,
25/11/2021,12,14:00,9,0,
25/11/2021,12,14:10,7,1,
25/11/2021,12,14:10,9,0,
25/11/2021,12,14:20,7,1,
25/11/2021,12,14:20,9,0,
08/11/2021,13,14:46,13,5,
08/11/2021,13,14:46,14,0,
08/11/2021,13,14:46,15,NA,breached
08/11/2021,13,14:46,16,0,
08/11/2021,13,14:46,17,1,
08/11/2021,13,14:46,18,7,
08/11/2021,13,14:56,13,1,
08/11/2021,13,14:56,14,0,
08/11/2021,13,14:56,16,0,
08/11/2021,13,14:56,17,1,
08/11/2021,13,14:56,18,7,
08/11/2021,13,15:06,13,0,
08/11/2021,13,15:06,14,0,
08/11/2021,13,15:06,16,7,
08/11/2021,13,15:06,17,0,
08/11/2021,13,15:06,18,7,
08/11/2021,13,15:16,13,0,
08/11/2021,13,15:16,14,0,
08/11/2021,13,15:16,16,7,
08/11/2021,13,15:16,17,0,
08/11/2021,13,15:16,18,7,
08/11/2021,13,15:26,13,0,
08/11/2021,13,15:26,14,0,
08/11/2021,13,15:26,16,7,
08/11/2021,13,15:26,17,0,
08/11/2021,13,15:26,18,6,
08/11/2021,13,15:36,13,0,
08/11/2021,13,15:36,14,0,
08/11/2021,13,15:36,16,6,
08/11/2021,13,15:36,17,3,
08/11/2021,13,15:36,18,8,
08/11/2021,13,15:46,13,0,
08/11/2021,13,15:46,14,0,
08/11/2021,13,15:46,16,6,
08/11/2021,13,15:46,17,4,
08/11/2021,13,15:46,18,8,
08/11/2021,13,15:56,13,7,
08/11/2021,13,15:56,14,0,
08/11/2021,13,15:56,16,6,
08/11/2021,13,15:56,17,4,
08/11/2021,13,15:56,18,8,
08/11/2021,13,16:06,13,0,
08/11/2021,13,16:06,14,4,
08/11/2021,13,16:06,16,8,
08/11/2021,13,16:06,17,3,
08/11/2021,13,16:06,18,8,
09/11/2021,13,13:38,13,0,
09/11/2021,13,13:38,14,0,
09/11/2021,13,13:38,15,NA,breached
09/11/2021,13,13:38,16,0,
09/11/2021,13,13:38,17,5,
09/11/2021,13,13:38,18,0,
09/11/2021,13,13:48,13,0,
09/11/2021,13,13:48,14,0,
09/11/2021,13,13:48,16,8,
09/11/2021,13,13:48,17,2,
09/11/2021,13,13:48,18,8,
09/11/2021,13,13:58,13,1,
09/11/2021,13,13:58,14,0,
09/11/2021,13,13:58,16,0,
09/11/2021,13,13:58,17,5,
09/11/2021,13,13:58,18,8,
09/11/2021,13,14:08,13,0,
09/11/2021,13,14:08,14,1,
09/11/2021,13,14:08,16,0,
09/11/2021,13,14:08,17,2,
09/11/2021,13,14:08,18,5,
09/11/2021,13,14:18,13,0,
09/11/2021,13,14:18,14,1,
09/11/2021,13,14:18,16,0,
09/11/2021,13,14:18,17,5,
09/11/2021,13,14:18,18,3,
09/11/2021,13,14:28,13,1,
09/11/2021,13,14:28,14,0,
09/11/2021,13,14:28,16,0,
09/11/2021,13,14:28,17,5,
09/11/2021,13,14:28,18,4,
09/11/2021,13,14:38,13,0,
09/11/2021,13,14:38,14,0,
09/11/2021,13,14:38,16,0,
09/11/2021,13,14:38,17,5,
09/11/2021,13,14:38,18,1,
09/11/2021,13,14:48,13,0,
09/11/2021,13,14:48,14,1,
09/11/2021,13,14:48,16,NA,breached
09/11/2021,13,14:48,17,3,
09/11/2021,13,14:48,18,1,
09/11/2021,13,14:58,13,0,
09/11/2021,13,14:58,14,5,
09/11/2021,13,14:58,17,3,
09/11/2021,13,14:58,18,1,
10/11/2021,13,13:44,13,0,
10/11/2021,13,13:44,14,0,
10/11/2021,13,13:44,15,0,
10/11/2021,13,13:44,16,0,
10/11/2021,13,13:44,17,3,
10/11/2021,13,13:44,18,7,
10/11/2021,13,13:54,13,0,
10/11/2021,13,13:54,14,0,
10/11/2021,13,13:54,15,0,
10/11/2021,13,13:54,16,0,
10/11/2021,13,13:54,17,3,
10/11/2021,13,13:54,18,5,
10/11/2021,13,14:04,13,0,
10/11/2021,13,14:04,14,0,
10/11/2021,13,14:04,15,6,
10/11/2021,13,14:04,16,0,
10/11/2021,13,14:04,17,1,
10/11/2021,13,14:04,18,7,
10/11/2021,13,14:14,13,0,
10/11/2021,13,14:14,14,0,
10/11/2021,13,14:14,15,8,
10/11/2021,13,14:14,16,0,
10/11/2021,13,14:14,17,2,
10/11/2021,13,14:14,18,5,
10/11/2021,13,14:24,13,0,
10/11/2021,13,14:24,14,0,
10/11/2021,13,14:24,15,8,
10/11/2021,13,14:24,16,0,
10/11/2021,13,14:24,17,2,
10/11/2021,13,14:24,18,5,
10/11/2021,13,14:34,13,0,
10/11/2021,13,14:34,14,0,
10/11/2021,13,14:34,15,2,
10/11/2021,13,14:34,16,0,
10/11/2021,13,14:34,17,2,
10/11/2021,13,14:34,18,7,
10/11/2021,13,14:44,13,0,
10/11/2021,13,14:44,14,0,
10/11/2021,13,14:44,15,4,
10/11/2021,13,14:44,16,0,
10/11/2021,13,14:44,17,2,
10/11/2021,13,14:44,18,8,
10/11/2021,13,14:54,13,0,
10/11/2021,13,14:54,14,0,
10/11/2021,13,14:54,15,4,
10/11/2021,13,14:54,16,0,
10/11/2021,13,14:54,17,2,
10/11/2021,13,14:54,18,8,
10/11/2021,13,15:04,13,0,
10/11/2021,13,15:04,14,0,
10/11/2021,13,15:04,15,4,
10/11/2021,13,15:04,16,0,
10/11/2021,13,15:04,17,2,
10/11/2021,13,15:04,18,8,
11/11/2021,13,13:32,13,5,
11/11/2021,13,13:32,14,0,
11/11/2021,13,13:32,15,1,
11/11/2021,13,13:32,16,NA,breached
11/11/2021,13,13:32,17,0,
11/11/2021,13,13:32,18,0,
11/11/2021,13,13:42,13,4,
11/11/2021,13,13:42,14,0,
11/11/2021,13,13:42,15,4,
11/11/2021,13,13:42,17,0,
11/11/2021,13,13:42,18,2,
11/11/2021,13,13:52,13,4,
11/11/2021,13,13:52,14,4,
11/11/2021,13,13:52,15,4,
11/11/2021,13,13:52,17,0,
11/11/2021,13,13:52,18,3,
11/11/2021,13,14:02,13,6,
11/11/2021,13,14:02,14,2,
11/11/2021,13,14:02,15,4,
11/11/2021,13,14:02,17,0,
11/11/2021,13,14:02,18,7,
11/11/2021,13,14:12,13,6,
11/11/2021,13,14:12,14,3,
11/11/2021,13,14:12,15,4,
11/11/2021,13,14:12,17,0,
11/11/2021,13,14:12,18,4,
11/11/2021,13,14:22,13,7,
11/11/2021,13,14:22,14,2,
11/11/2021,13,14:22,15,5,
11/11/2021,13,14:22,17,0,
11/11/2021,13,14:22,18,2,
11/11/2021,13,14:32,13,7,
11/11/2021,13,14:32,14,5,
11/11/2021,13,14:32,15,5,
11/11/2021,13,14:32,17,0,
11/11/2021,13,14:32,18,5,
11/11/2021,13,14:42,13,7,
11/11/2021,13,14:42,14,6,
11/11/2021,13,14:42,15,2,
11/11/2021,13,14:42,17,0,
11/11/2021,13,14:42,18,5,
11/11/2021,13,14:52,13,8,
11/11/2021,13,14:52,14,5,
11/11/2021,13,14:52,15,2,
11/11/2021,13,14:52,17,0,
11/11/2021,13,14:52,18,4,
15/11/2021,13,13:53,19,NA,breached by partner
15/11/2021,13,13:53,20,NA,breached
15/11/2021,13,13:53,21,8,
15/11/2021,13,13:53,22,0,
15/11/2021,13,13:53,23,NA,breached by partner
15/11/2021,13,13:53,24,NA,breached
15/11/2021,13,14:03,21,6,
15/11/2021,13,14:03,22,5,
15/11/2021,13,14:13,21,4,
15/11/2021,13,14:13,22,8,
15/11/2021,13,14:23,21,NA,breached by partner
15/11/2021,13,14:23,22,8,
15/11/2021,13,14:33,22,0,
15/11/2021,13,14:43,22,3,
15/11/2021,13,14:53,22,1,
15/11/2021,13,15:03,22,0,
15/11/2021,13,15:13,22,0,
16/11/2021,13,12:55,13,0,
16/11/2021,13,12:55,14,NA,breached by partner
16/11/2021,13,12:55,15,7,
16/11/2021,13,12:55,16,4,
16/11/2021,13,12:55,17,NA,breached
16/11/2021,13,12:55,18,2,
16/11/2021,13,13:05,13,0,
16/11/2021,13,13:05,15,8,
16/11/2021,13,13:05,16,4,
16/11/2021,13,13:05,18,4,
16/11/2021,13,13:15,13,4,
16/11/2021,13,13:15,15,NA,breached
16/11/2021,13,13:15,16,7,
16/11/2021,13,13:15,18,7,
16/11/2021,13,13:25,13,7,
16/11/2021,13,13:25,16,3,
16/11/2021,13,13:25,18,4,
16/11/2021,13,13:35,13,6,
16/11/2021,13,13:35,16,7,
16/11/2021,13,13:35,18,8,
16/11/2021,13,13:45,13,7,
16/11/2021,13,13:45,16,8,
16/11/2021,13,13:45,18,5,
16/11/2021,13,13:55,13,5,
16/11/2021,13,13:55,16,8,
16/11/2021,13,13:55,18,1,
16/11/2021,13,14:05,13,6,
16/11/2021,13,14:05,16,8,
16/11/2021,13,14:05,18,2,
16/11/2021,13,14:15,13,6,
16/11/2021,13,14:15,16,8,
16/11/2021,13,14:15,18,5,
17/11/2021,13,13:42,13,0,
17/11/2021,13,13:42,14,4,
17/11/2021,13,13:42,15,0,
17/11/2021,13,13:42,16,2,
17/11/2021,13,13:42,17,1,
17/11/2021,13,13:42,18,0,
17/11/2021,13,13:52,13,3,
17/11/2021,13,13:52,14,3,
17/11/2021,13,13:52,15,0,
17/11/2021,13,13:52,16,2,
17/11/2021,13,13:52,17,1,
17/11/2021,13,13:52,18,0,
17/11/2021,13,14:02,13,3,
17/11/2021,13,14:02,14,2,
17/11/2021,13,14:02,15,1,
17/11/2021,13,14:02,16,1,
17/11/2021,13,14:02,17,5,
17/11/2021,13,14:02,18,0,
17/11/2021,13,14:12,13,5,
17/11/2021,13,14:12,14,2,
17/11/2021,13,14:12,15,7,
17/11/2021,13,14:12,16,6,
17/11/2021,13,14:12,17,3,
17/11/2021,13,14:12,18,0,
17/11/2021,13,14:22,13,2,
17/11/2021,13,14:22,14,2,
17/11/2021,13,14:22,15,NA,breached
17/11/2021,13,14:22,16,2,
17/11/2021,13,14:22,17,4,
17/11/2021,13,14:22,18,0,
17/11/2021,13,14:32,13,1,
17/11/2021,13,14:32,14,4,
17/11/2021,13,14:32,16,2,
17/11/2021,13,14:32,17,3,
17/11/2021,13,14:32,18,0,
17/11/2021,13,14:42,13,3,
17/11/2021,13,14:42,14,1,
17/11/2021,13,14:42,16,2,
17/11/2021,13,14:42,17,1,
17/11/2021,13,14:42,18,4,
17/11/2021,13,14:52,13,5,
17/11/2021,13,14:52,14,3,
17/11/2021,13,14:52,16,2,
17/11/2021,13,14:52,17,3,
17/11/2021,13,14:52,18,0,
17/11/2021,13,15:02,13,5,
17/11/2021,13,15:02,14,3,
17/11/2021,13,15:02,16,2,
17/11/2021,13,15:02,17,3,
17/11/2021,13,15:02,18,0,
18/11/2021,13,14:00,13,0,
18/11/2021,13,14:00,14,0,
18/11/2021,13,14:00,15,NA,breached
18/11/2021,13,14:00,16,NA,breached
18/11/2021,13,14:00,17,2,
18/11/2021,13,14:00,18,NA,breached
18/11/2021,13,14:10,13,0,
18/11/2021,13,14:10,14,0,
18/11/2021,13,14:10,17,3,
18/11/2021,13,14:20,13,1,
18/11/2021,13,14:20,14,0,
18/11/2021,13,14:20,17,5,
18/11/2021,13,14:30,13,1,
18/11/2021,13,14:30,14,0,
18/11/2021,13,14:30,17,0,
18/11/2021,13,14:40,13,1,
18/11/2021,13,14:40,14,0,
18/11/2021,13,14:40,17,0,
18/11/2021,13,14:50,13,1,
18/11/2021,13,14:50,14,NA,breached
18/11/2021,13,14:50,17,0,
18/11/2021,13,15:00,13,1,
18/11/2021,13,15:00,17,3,
18/11/2021,13,15:10,13,1,
18/11/2021,13,15:10,17,3,
18/11/2021,13,15:20,13,1,
18/11/2021,13,15:20,17,3,
22/11/2021,13,13:09,13,8,
22/11/2021,13,13:09,14,2,
22/11/2021,13,13:09,15,4,
22/11/2021,13,13:09,16,0,
22/11/2021,13,13:09,17,NA,breached
22/11/2021,13,13:09,18,1,
22/11/2021,13,13:19,13,6,
22/11/2021,13,13:19,14,2,
22/11/2021,13,13:19,15,5,
22/11/2021,13,13:19,16,0,
22/11/2021,13,13:19,18,8,
22/11/2021,13,13:29,13,7,
22/11/2021,13,13:29,14,2,
22/11/2021,13,13:29,15,5,
22/11/2021,13,13:29,16,5,
22/11/2021,13,13:29,18,8,
22/11/2021,13,13:39,13,8,
22/11/2021,13,13:39,14,2,
22/11/2021,13,13:39,15,5,
22/11/2021,13,13:39,16,0,
22/11/2021,13,13:39,18,8,
22/11/2021,13,13:49,13,3,
22/11/2021,13,13:49,14,3,
22/11/2021,13,13:49,15,5,
22/11/2021,13,13:49,16,1,
22/11/2021,13,13:49,18,8,
22/11/2021,13,13:59,13,7,
22/11/2021,13,13:59,14,3,
22/11/2021,13,13:59,15,5,
22/11/2021,13,13:59,16,8,
22/11/2021,13,13:59,18,8,
22/11/2021,13,14:09,13,8,
22/11/2021,13,14:09,14,3,
22/11/2021,13,14:09,15,5,
22/11/2021,13,14:09,16,8,
22/11/2021,13,14:09,18,8,
22/11/2021,13,14:19,13,8,
22/11/2021,13,14:19,14,3,
22/11/2021,13,14:19,15,5,
22/11/2021,13,14:19,16,1,
22/11/2021,13,14:19,18,8,
22/11/2021,13,14:29,13,3,
22/11/2021,13,14:29,14,3,
22/11/2021,13,14:29,15,5,
22/11/2021,13,14:29,16,1,
22/11/2021,13,14:29,18,8,
23/11/2021,13,13:52,13,0,
23/11/2021,13,13:52,14,0,
23/11/2021,13,13:52,15,0,
23/11/2021,13,13:52,16,8,
23/11/2021,13,13:52,17,NA,breached
23/11/2021,13,13:52,18,NA,breached
23/11/2021,13,14:02,13,0,
23/11/2021,13,14:02,14,0,
23/11/2021,13,14:02,15,0,
23/11/2021,13,14:02,16,0,
23/11/2021,13,14:12,13,0,
23/11/2021,13,14:12,14,0,
23/11/2021,13,14:12,15,0,
23/11/2021,13,14:12,16,0,
23/11/2021,13,14:22,13,0,
23/11/2021,13,14:22,14,0,
23/11/2021,13,14:22,15,0,
23/11/2021,13,14:22,16,8,
23/11/2021,13,14:32,13,0,
23/11/2021,13,14:32,14,0,
23/11/2021,13,14:32,15,0,
23/11/2021,13,14:32,16,0,
23/11/2021,13,14:42,13,0,
23/11/2021,13,14:42,14,0,
23/11/2021,13,14:42,15,0,
23/11/2021,13,14:42,16,8,
23/11/2021,13,14:52,13,0,
23/11/2021,13,14:52,14,0,
23/11/2021,13,14:52,15,0,
23/11/2021,13,14:52,16,8,
23/11/2021,13,15:02,13,0,
23/11/2021,13,15:02,14,0,
23/11/2021,13,15:02,15,0,
23/11/2021,13,15:02,16,0,
23/11/2021,13,15:12,13,0,
23/11/2021,13,15:12,14,0,
23/11/2021,13,15:12,15,0,
23/11/2021,13,15:12,16,0,
24/11/2021,13,12:49,13,8,
24/11/2021,13,12:49,14,0,
24/11/2021,13,12:49,15,2,
24/11/2021,13,12:49,16,0,
24/11/2021,13,12:49,17,NA,breached by partner
24/11/2021,13,12:49,18,NA ,breached
24/11/2021,13,12:59,13,6,
24/11/2021,13,12:59,14,0,
24/11/2021,13,12:59,15,2,
24/11/2021,13,12:59,16,0,
24/11/2021,13,13:09,13,1,
24/11/2021,13,13:09,14,0,
24/11/2021,13,13:09,15,2,
24/11/2021,13,13:09,16,5,
24/11/2021,13,13:19,13,1,
24/11/2021,13,13:19,14,0,
24/11/2021,13,13:19,15,2,
24/11/2021,13,13:19,16,0,
24/11/2021,13,13:29,13,1,
24/11/2021,13,13:29,14,0,
24/11/2021,13,13:29,15,2,
24/11/2021,13,13:29,16,0,
24/11/2021,13,13:39,13,0,
24/11/2021,13,13:39,14,0,
24/11/2021,13,13:39,15,2,
24/11/2021,13,13:39,16,0,
24/11/2021,13,13:49,13,0,
24/11/2021,13,13:49,14,0,
24/11/2021,13,13:49,15,2,
24/11/2021,13,13:49,16,2,
24/11/2021,13,13:59,13,8,
24/11/2021,13,13:59,14,0,
24/11/2021,13,13:59,15,2,
24/11/2021,13,13:59,16,1,
24/11/2021,13,14:09,13,0,
24/11/2021,13,14:09,14,0,
24/11/2021,13,14:09,15,2,
24/11/2021,13,14:09,16,1,
25/11/2021,13,13:00,13,0,
25/11/2021,13,13:00,14,0,
25/11/2021,13,13:00,15,NA,breached
25/11/2021,13,13:00,16,NA,breached
25/11/2021,13,13:00,17,NA,breached
25/11/2021,13,13:00,18,NA,breached
25/11/2021,13,13:10,13,0,
25/11/2021,13,13:10,14,0,
25/11/2021,13,13:20,13,0,
25/11/2021,13,13:20,14,0,
25/11/2021,13,13:30,13,0,
25/11/2021,13,13:30,14,0,
25/11/2021,13,13:40,13,0,
25/11/2021,13,13:40,14,0,
25/11/2021,13,13:50,13,0,
25/11/2021,13,13:50,14,5,
25/11/2021,13,14:00,13,0,
25/11/2021,13,14:00,14,0,
25/11/2021,13,14:10,13,0,
25/11/2021,13,14:10,14,0,
25/11/2021,13,14:20,13,0,
25/11/2021,13,14:20,14,4,
08/11/2021,14,14:46,19,4,
08/11/2021,14,14:46,20,NA,breached
08/11/2021,14,14:46,21,1,
08/11/2021,14,14:46,22,0,
08/11/2021,14,14:46,23,0,
08/11/2021,14,14:46,24,1,
08/11/2021,14,14:56,19,7,
08/11/2021,14,14:56,21,1,
08/11/2021,14,14:56,22,0,
08/11/2021,14,14:56,23,2,
08/11/2021,14,14:56,24,NA,breached by partner
08/11/2021,14,15:06,19,7,
08/11/2021,14,15:06,21,1,
08/11/2021,14,15:06,22,0,
08/11/2021,14,15:06,23,2,
08/11/2021,14,15:16,19,2,
08/11/2021,14,15:16,21,1,
08/11/2021,14,15:16,22,0,
08/11/2021,14,15:16,23,2,
08/11/2021,14,15:26,19,6,
08/11/2021,14,15:26,21,1,
08/11/2021,14,15:26,22,0,
08/11/2021,14,15:26,23,2,
08/11/2021,14,15:36,19,3,
08/11/2021,14,15:36,21,0,
08/11/2021,14,15:36,22,0,
08/11/2021,14,15:36,23,7,
08/11/2021,14,15:46,19,3,
08/11/2021,14,15:46,21,0,
08/11/2021,14,15:46,22,7,
08/11/2021,14,15:46,23,1,
08/11/2021,14,15:56,19,6,
08/11/2021,14,15:56,21,0,
08/11/2021,14,15:56,22,7,
08/11/2021,14,15:56,23,1,
08/11/2021,14,16:06,19,3,
08/11/2021,14,16:06,21,0,
08/11/2021,14,16:06,22,5,
08/11/2021,14,16:06,23,0,
09/11/2021,14,13:38,19,5,
09/11/2021,14,13:38,20,NA,
09/11/2021,14,13:38,21,0,
09/11/2021,14,13:38,22,0,
09/11/2021,14,13:38,23,1,
09/11/2021,14,13:38,24,1,
09/11/2021,14,13:48,19,6,
09/11/2021,14,13:48,20,NA,
09/11/2021,14,13:48,21,0,
09/11/2021,14,13:48,22,0,
09/11/2021,14,13:48,23,1,
09/11/2021,14,13:48,24,1,
09/11/2021,14,13:58,19,0,
09/11/2021,14,13:58,20,NA,
09/11/2021,14,13:58,21,7,
09/11/2021,14,13:58,22,8,
09/11/2021,14,13:58,23,1,
09/11/2021,14,13:58,24,1,
09/11/2021,14,14:08,19,0,
09/11/2021,14,14:08,20,NA,
09/11/2021,14,14:08,21,0,
09/11/2021,14,14:08,22,0,
09/11/2021,14,14:08,23,1,
09/11/2021,14,14:08,24,1,
09/11/2021,14,14:18,19,0,
09/11/2021,14,14:18,20,NA,
09/11/2021,14,14:18,21,0,
09/11/2021,14,14:18,22,8,
09/11/2021,14,14:18,23,1,
09/11/2021,14,14:18,24,1,
09/11/2021,14,14:28,19,0,
09/11/2021,14,14:28,20,2,
09/11/2021,14,14:28,21,0,
09/11/2021,14,14:28,22,0,
09/11/2021,14,14:28,23,1,
09/11/2021,14,14:28,24,NA,breached by partner
09/11/2021,14,14:38,19,0,
09/11/2021,14,14:38,20,8,
09/11/2021,14,14:38,21,3,
09/11/2021,14,14:38,22,5,
09/11/2021,14,14:38,23,1,
09/11/2021,14,14:48,19,0,
09/11/2021,14,14:48,20,8,
09/11/2021,14,14:48,21,8,
09/11/2021,14,14:48,22,8,
09/11/2021,14,14:48,23,1,
09/11/2021,14,14:58,19,0,
09/11/2021,14,14:58,20,2,
09/11/2021,14,14:58,21,4,
09/11/2021,14,14:58,22,8,
09/11/2021,14,14:58,23,1,
10/11/2021,14,13:44,19,0,
10/11/2021,14,13:44,20,NA,breached
10/11/2021,14,13:44,21,2,
10/11/2021,14,13:44,22,6,
10/11/2021,14,13:44,23,8,
10/11/2021,14,13:44,24,NA,breached
10/11/2021,14,13:54,19,0,
10/11/2021,14,13:54,21,2,
10/11/2021,14,13:54,22,6,
10/11/2021,14,13:54,23,8,
10/11/2021,14,14:04,19,0,
10/11/2021,14,14:04,21,3,
10/11/2021,14,14:04,22,6,
10/11/2021,14,14:04,23,8,
10/11/2021,14,14:14,19,0,
10/11/2021,14,14:14,21,3,
10/11/2021,14,14:14,22,6,
10/11/2021,14,14:14,23,8,
10/11/2021,14,14:24,19,0,
10/11/2021,14,14:24,21,4,
10/11/2021,14,14:24,22,6,
10/11/2021,14,14:24,23,8,
10/11/2021,14,14:34,19,0,
10/11/2021,14,14:34,21,4,
10/11/2021,14,14:34,22,6,
10/11/2021,14,14:34,23,8,
10/11/2021,14,14:44,19,0,
10/11/2021,14,14:44,21,5,
10/11/2021,14,14:44,22,0,
10/11/2021,14,14:44,23,8,
10/11/2021,14,14:54,19,0,
10/11/2021,14,14:54,21,4,
10/11/2021,14,14:54,22,0,
10/11/2021,14,14:54,23,8,
10/11/2021,14,15:04,19,0,
10/11/2021,14,15:04,21,4,
10/11/2021,14,15:04,22,0,
10/11/2021,14,15:04,23,8,
11/11/2021,14,13:32,19,6,
11/11/2021,14,13:32,20,NA,breached
11/11/2021,14,13:32,21,0,
11/11/2021,14,13:32,22,1,
11/11/2021,14,13:32,23,8,
11/11/2021,14,13:32,24,NA,breached
11/11/2021,14,13:42,19,1,
11/11/2021,14,13:42,21,0,
11/11/2021,14,13:42,22,1,
11/11/2021,14,13:42,23,7,
11/11/2021,14,13:52,19,0,
11/11/2021,14,13:52,21,0,
11/11/2021,14,13:52,22,1,
11/11/2021,14,13:52,23,6,
11/11/2021,14,14:02,19,7,
11/11/2021,14,14:02,21,0,
11/11/2021,14,14:02,22,1,
11/11/2021,14,14:02,23,7,
11/11/2021,14,14:12,19,3,
11/11/2021,14,14:12,21,0,
11/11/2021,14,14:12,22,2,
11/11/2021,14,14:12,23,6,
11/11/2021,14,14:22,19,3,
11/11/2021,14,14:22,21,0,
11/11/2021,14,14:22,22,2,
11/11/2021,14,14:22,23,0,
11/11/2021,14,14:32,19,3,
11/11/2021,14,14:32,21,4,
11/11/2021,14,14:32,22,2,
11/11/2021,14,14:32,23,0,
11/11/2021,14,14:42,19,3,
11/11/2021,14,14:42,21,7,
11/11/2021,14,14:42,22,2,
11/11/2021,14,14:42,23,4,
11/11/2021,14,14:52,19,3,
11/11/2021,14,14:52,21,5,
11/11/2021,14,14:52,22,2,
11/11/2021,14,14:52,23,1,
15/11/2021,14,13:53,13,1,
15/11/2021,14,13:53,14,0,
15/11/2021,14,13:53,15,8,
15/11/2021,14,13:53,16,NA,breached
15/11/2021,14,13:53,17,6,
15/11/2021,14,13:53,18,NA,breached
15/11/2021,14,14:03,13,0,
15/11/2021,14,14:03,14,0,
15/11/2021,14,14:03,15,8,
15/11/2021,14,14:03,17,8,
15/11/2021,14,14:13,13,2,
15/11/2021,14,14:13,14,NA,breached
15/11/2021,14,14:13,15,5,
15/11/2021,14,14:13,17,0,
15/11/2021,14,14:23,13,2,
15/11/2021,14,14:23,15,NA,breached by partner
15/11/2021,14,14:23,17,0,
15/11/2021,14,14:33,13,4,
15/11/2021,14,14:33,17,0,
15/11/2021,14,14:43,13,5,
15/11/2021,14,14:43,17,0,
15/11/2021,14,14:53,13,5,
15/11/2021,14,14:53,17,0,
15/11/2021,14,15:03,13,5,
15/11/2021,14,15:03,17,0,
15/11/2021,14,15:13,13,4,
15/11/2021,14,15:13,17,0,
16/11/2021,14,12:55,19,0,
16/11/2021,14,12:55,20,2,
16/11/2021,14,12:55,21,0,
16/11/2021,14,12:55,22,0,
16/11/2021,14,12:55,23,NA,breached by partner
16/11/2021,14,12:55,24,NA,breached
16/11/2021,14,13:05,19,4,
16/11/2021,14,13:05,20,6,
16/11/2021,14,13:05,21,0,
16/11/2021,14,13:05,22,0,
16/11/2021,14,13:15,19,0,
16/11/2021,14,13:15,20,NA,breached by partner
16/11/2021,14,13:15,21,5,
16/11/2021,14,13:15,22,NA,breached by partner
16/11/2021,14,13:25,19,0,
16/11/2021,14,13:25,21,0,
16/11/2021,14,13:35,19,0,
16/11/2021,14,13:35,21,0,
16/11/2021,14,13:45,19,NA,breached
16/11/2021,14,13:45,21,0,
16/11/2021,14,13:55,21,0,
16/11/2021,14,14:05,21,0,
16/11/2021,14,14:15,21,0,
17/11/2021,14,13:42,19,NA,breached by partner
17/11/2021,14,13:42,20,NA,breached
17/11/2021,14,13:42,21,0,
17/11/2021,14,13:42,22,0,
17/11/2021,14,13:42,23,NA,breached by partner
17/11/2021,14,13:42,24,NA,breached
17/11/2021,14,13:52,21,0,
17/11/2021,14,13:52,22,0,
17/11/2021,14,14:02,21,0,
17/11/2021,14,14:02,22,0,
17/11/2021,14,14:12,21,0,
17/11/2021,14,14:12,22,0,
17/11/2021,14,14:22,21,0,
17/11/2021,14,14:22,22,0,
17/11/2021,14,14:32,21,0,
17/11/2021,14,14:32,22,0,
17/11/2021,14,14:42,21,0,
17/11/2021,14,14:42,22,0,
17/11/2021,14,14:52,21,3,
17/11/2021,14,14:52,22,1,
17/11/2021,14,15:02,21,2,
17/11/2021,14,15:02,22,8,
18/11/2021,14,14:00,19,1,
18/11/2021,14,14:00,20,NA,breached
18/11/2021,14,14:00,21,0,
18/11/2021,14,14:00,22,NA,breached
18/11/2021,14,14:00,23,NA,breached by partner
18/11/2021,14,14:00,24,NA,breached
18/11/2021,14,14:10,19,NA,breached by partner
18/11/2021,14,14:10,21,0,
18/11/2021,14,14:20,21,0,
18/11/2021,14,14:30,21,0,
18/11/2021,14,14:40,21,0,
18/11/2021,14,14:50,21,7,
18/11/2021,14,15:00,21,0,
18/11/2021,14,15:10,21,0,
18/11/2021,14,15:20,21,0,
22/11/2021,14,13:09,19,1,
22/11/2021,14,13:09,20,5,
22/11/2021,14,13:09,21,0,
22/11/2021,14,13:09,22,4,
22/11/2021,14,13:09,23,8,
22/11/2021,14,13:09,24,4,
22/11/2021,14,13:19,19,1,
22/11/2021,14,13:19,20,5,
22/11/2021,14,13:19,21,0,
22/11/2021,14,13:19,22,2,
22/11/2021,14,13:19,23,8,
22/11/2021,14,13:19,24,4,
22/11/2021,14,13:29,19,0,
22/11/2021,14,13:29,20,7,
22/11/2021,14,13:29,21,0,
22/11/2021,14,13:29,22,1,
22/11/2021,14,13:29,23,4,
22/11/2021,14,13:29,24,5,
22/11/2021,14,13:39,19,0,
22/11/2021,14,13:39,20,7,
22/11/2021,14,13:39,21,0,
22/11/2021,14,13:39,22,6,
22/11/2021,14,13:39,23,5,
22/11/2021,14,13:39,24,5,
22/11/2021,14,13:49,19,0,
22/11/2021,14,13:49,20,5,
22/11/2021,14,13:49,21,0,
22/11/2021,14,13:49,22,6,
22/11/2021,14,13:49,23,0,
22/11/2021,14,13:49,24,8,
22/11/2021,14,13:59,19,0,
22/11/2021,14,13:59,20,2,
22/11/2021,14,13:59,21,0,
22/11/2021,14,13:59,22,6,
22/11/2021,14,13:59,23,7,
22/11/2021,14,13:59,24,1,
22/11/2021,14,14:09,19,0,
22/11/2021,14,14:09,20,1,
22/11/2021,14,14:09,21,0,
22/11/2021,14,14:09,22,6,
22/11/2021,14,14:09,23,1,
22/11/2021,14,14:09,24,4,
22/11/2021,14,14:19,19,0,
22/11/2021,14,14:19,20,2,
22/11/2021,14,14:19,21,0,
22/11/2021,14,14:19,22,6,
22/11/2021,14,14:19,23,7,
22/11/2021,14,14:19,24,1,
22/11/2021,14,14:29,19,7,
22/11/2021,14,14:29,20,8,
22/11/2021,14,14:29,21,0,
22/11/2021,14,14:29,22,6,
22/11/2021,14,14:29,23,4,
22/11/2021,14,14:29,24,8,
23/11/2021,14,13:52,19,5,
23/11/2021,14,13:52,20,NA,breached by partner
23/11/2021,14,13:52,21,0,
23/11/2021,14,13:52,22,0,
23/11/2021,14,13:52,23,0,
23/11/2021,14,13:52,24,NA,breached
23/11/2021,14,14:02,19,5,
23/11/2021,14,14:02,21,0,
23/11/2021,14,14:02,22,0,
23/11/2021,14,14:02,23,0,
23/11/2021,14,14:02,24,0,
23/11/2021,14,14:12,19,5,
23/11/2021,14,14:12,21,0,
23/11/2021,14,14:12,22,6,
23/11/2021,14,14:12,23,1,
23/11/2021,14,14:12,24,0,
23/11/2021,14,14:22,19,5,
23/11/2021,14,14:22,21,0,
23/11/2021,14,14:22,22,0,
23/11/2021,14,14:22,23,0,
23/11/2021,14,14:22,24,0,
23/11/2021,14,14:32,19,6,
23/11/2021,14,14:32,21,0,
23/11/2021,14,14:32,22,0,
23/11/2021,14,14:32,23,0,
23/11/2021,14,14:32,24,0,
23/11/2021,14,14:42,19,6,
23/11/2021,14,14:42,21,0,
23/11/2021,14,14:42,22,0,
23/11/2021,14,14:42,23,0,
23/11/2021,14,14:42,24,0,
23/11/2021,14,14:52,19,7,
23/11/2021,14,14:52,21,0,
23/11/2021,14,14:52,22,0,
23/11/2021,14,14:52,23,0,
23/11/2021,14,14:52,24,0,
23/11/2021,14,15:02,19,7,
23/11/2021,14,15:02,21,2,
23/11/2021,14,15:02,22,0,
23/11/2021,14,15:02,23,0,
23/11/2021,14,15:02,24,0,
23/11/2021,14,15:12,19,7,
23/11/2021,14,15:12,21,0,
23/11/2021,14,15:12,22,0,
23/11/2021,14,15:12,23,0,
23/11/2021,14,15:12,24,0,
24/11/2021,14,12:49,19,8,
24/11/2021,14,12:49,20,6,
24/11/2021,14,12:49,21,0,
24/11/2021,14,12:49,22,0,
24/11/2021,14,12:49,23,0,
24/11/2021,14,12:49,24,0,
24/11/2021,14,12:59,19,8,
24/11/2021,14,12:59,20,8,
24/11/2021,14,12:59,21,0,
24/11/2021,14,12:59,22,0,
24/11/2021,14,12:59,23,1,
24/11/2021,14,12:59,24,1,
24/11/2021,14,13:09,19,8,
24/11/2021,14,13:09,20,6,
24/11/2021,14,13:09,21,0,
24/11/2021,14,13:09,22,0,
24/11/2021,14,13:09,23,8,
24/11/2021,14,13:09,24,1,
24/11/2021,14,13:19,19,8,
24/11/2021,14,13:19,20,6,
24/11/2021,14,13:19,21,0,
24/11/2021,14,13:19,22,0,
24/11/2021,14,13:19,23,2,
24/11/2021,14,13:19,24,0,
24/11/2021,14,13:29,19,8,
24/11/2021,14,13:29,20,5,
24/11/2021,14,13:29,21,0,
24/11/2021,14,13:29,22,4,
24/11/2021,14,13:29,23,1,
24/11/2021,14,13:29,24,0,
24/11/2021,14,13:39,19,0,
24/11/2021,14,13:39,20,5,
24/11/2021,14,13:39,21,0,
24/11/2021,14,13:39,22,1,
24/11/2021,14,13:39,23,0,
24/11/2021,14,13:39,24,2,
24/11/2021,14,13:49,19,0,
24/11/2021,14,13:49,20,5,
24/11/2021,14,13:49,21,8,
24/11/2021,14,13:49,22,4,
24/11/2021,14,13:49,23,4,
24/11/2021,14,13:49,24,0,
24/11/2021,14,13:59,19,0,
24/11/2021,14,13:59,20,7,
24/11/2021,14,13:59,21,1,
24/11/2021,14,13:59,22,2,
24/11/2021,14,13:59,23,5,
24/11/2021,14,13:59,24,1,
24/11/2021,14,14:09,19,0,
24/11/2021,14,14:09,20,5,
24/11/2021,14,14:09,21,1,
24/11/2021,14,14:09,22,2,
24/11/2021,14,14:09,23,0,
24/11/2021,14,14:09,24,0,
25/11/2021,14,13:00,19,0,
25/11/2021,14,13:00,20,0,
25/11/2021,14,13:00,21,1,
25/11/2021,14,13:00,22,7,
25/11/2021,14,13:00,23,0,
25/11/2021,14,13:00,24,NA,breached
25/11/2021,14,13:10,19,0,
25/11/2021,14,13:10,20,0,
25/11/2021,14,13:10,21,2,
25/11/2021,14,13:10,22,0,
25/11/2021,14,13:10,23,0,
25/11/2021,14,13:20,19,0,
25/11/2021,14,13:20,20,1,
25/11/2021,14,13:20,21,2,
25/11/2021,14,13:20,22,1,
25/11/2021,14,13:20,23,0,
25/11/2021,14,13:30,19,0,
25/11/2021,14,13:30,20,8,
25/11/2021,14,13:30,21,7,
25/11/2021,14,13:30,22,1,
25/11/2021,14,13:30,23,0,
25/11/2021,14,13:40,19,0,
25/11/2021,14,13:40,20,5,
25/11/2021,14,13:40,21,1,
25/11/2021,14,13:40,22,1,
25/11/2021,14,13:40,23,6,
25/11/2021,14,13:50,19,0,
25/11/2021,14,13:50,20,2,
25/11/2021,14,13:50,21,1,
25/11/2021,14,13:50,22,1,
25/11/2021,14,13:50,23,2,
25/11/2021,14,14:00,19,0,
25/11/2021,14,14:00,20,3,
25/11/2021,14,14:00,21,1,
25/11/2021,14,14:00,22,1,
25/11/2021,14,14:00,23,2,
25/11/2021,14,14:10,19,0,
25/11/2021,14,14:10,20,0,
25/11/2021,14,14:10,21,1,
25/11/2021,14,14:10,22,1,
25/11/2021,14,14:10,23,2,
25/11/2021,14,14:20,19,0,
25/11/2021,14,14:20,20,1,
25/11/2021,14,14:20,21,3,
25/11/2021,14,14:20,22,1,
25/11/2021,14,14:20,23,1,
